Direction,
Ressources humaines,Direction
Gestion du personnel,Ressources humaines
Recrutement,Ressources humaines
R&D,Direction
Recherche,R&D
Testing,R&D
Marketing,Direction
Site1,Marketing
Site2,Marketing
Site3,Marketing
Site4,Marketing
Finances,Direction
Comptabilité,Finances
Investissements,Finances
Technique,Direction
Techniciens,Technique
Achat,Technique
Commerciaux,Direction
Sédentaires,Commerciaux
Technico,Commerciaux
Informatique,Direction
Systèmes,Informatique
Développement,Informatique
HotLine,Informatique
